{"combined_loss": 866.702392578125, "loss_v": 38.05674362182617, "loss_pi": 11.77804946899414, "loss_r": 30.671079635620117, "_timestamp": 1721819063.531928, "_runtime": 60.61346912384033, "_step": 0}