{"loss": 0.7497539520263672, "_timestamp": 1715468573.366805, "_runtime": 80.14404702186584, "_step": 901}