{"combined_loss": 373.3302001953125, "loss_v": 35.557952880859375, "loss_pi": 11.651836395263672, "loss_r": 29.868900299072266, "_timestamp": 1721819272.0235846, "_runtime": 197.98174452781677, "_step": 5}