{"combined_loss": 30.06127166748047, "loss_v": 11.671473503112793, "loss_pi": 11.680412292480469, "loss_r": 6.709385871887207, "_timestamp": 1721822298.9302166, "_runtime": 470.08887362480164, "_step": 219, "wins_p1": 4, "wins_p2": 6, "draws": 0}