{"combined_loss": 29.1319522857666, "loss_v": 10.944661140441895, "loss_pi": 11.516738891601562, "loss_r": 6.670551300048828, "_timestamp": 1721820363.3051755, "_runtime": 21.800745487213135, "_step": 49, "_wandb": {"runtime": 21}}