{"combined_loss": 69.68948364257812, "loss_v": 31.006454467773438, "loss_pi": 11.604759216308594, "loss_r": 27.07827377319336, "_timestamp": 1721820191.8909113, "_runtime": 207.62492728233337, "_step": 10}